﻿Sum of Shipping Cost,Customer Name,Sum of Sales
0.5,Aaron Bergman,14.76
114.76,Aaron Hawkins,6450.278
75.78,Aaron Smayling,8835.3235
79.83,Adam Bellavance,2097.71
12.91,Adrian Hane,671.97
7.36,Aimee Bixby,1937.67
80.65,Alan Barnes,17328.9855
229.81,Alan Haines,28060.799
270.91,Alan Hwang,20067.9255
74.4,Alan Schoenberger,10389.9995
50.51,Alan Shonely,5907.2085
294.7,Alejandro Grove,83561.93
4,Alejandro Savely,990.73
148.11,Alex Avila,19583.8605
149.93,Alex Grayson,25658.761
31.84,Allen Golden,4582.392
71.74,Allen Rosenblatt,6367.8085
28.26,Alyssa Tate,709.1625
156.14,Amy Cox,10860.54
13.1,Andrew Gjertsen,1406.34
8.76,Andrew Roberts,2194.98
35.4,Andy Reiter,1256.5
6.01,Andy Yotov,222.07
64.69,Anemone Ratner,5835.1575
104.88,Angele Hood,15650.15
140.09,Ann Blume,7060.98
34.81,Ann Chong,7276.6235
127.32,Anna Andreadi,9639.532
21.17,Anna Gayman,1736.1285
105.73,Anna Haberlin,10000.3165
286.91,Anne Pryor,27215.451
48.75,Annie Cyprus,6874.5905
47.62,Annie Thurman,7786.92
28.58,Anthony Garverick,697.71
91.65,Anthony Johnson,11276.62
36.93,Anthony O'Donnell,3004.94
137.54,Anthony Witt,11117.58
126.82,Art Ferguson,23839.864
55.55,Art Foster,3457.39
73.49,Arthur Gainer,7182.745
223.31,Arthur Prichep,24198.182
66.45,Arthur Wiediger,13690.79
116.24,Astrea Jones,4603.387
177.65,Barbara Fisher,19473.1435
144.75,Barry Franz,24113.15
147.71,Barry French,15179.61
393.89,Barry Gonzalez,60682.967
32.87,Barry Weirich,10863.17
10.22,Bart Folk,580.07
14.61,Bart Pistole,1220.14
43.81,Bart Watters,18834.2155
76.17,Becky Castell,6868.3105
92.59,Becky Martin,23289.899
78.88,Ben Ferrer,2977.988
51.46,Ben Peterman,14044.8845
108.38,Ben Wallace,29600.03
53.22,Benjamin Patterson,2753.437
274.85,Benjamin Venier,27616.0015
16.56,Berenike Kampe,1035.697
48.73,Beth Paige,7105.945
310.85,Beth Thompson,27214.947
251,Bill Donatelli,33880.274
287.98,Bill Eplett,17428.727
168.89,Bill Overfelt,24272.386
43.35,Bill Shonely,5622.21
97.49,Bill Stewart,4652.33
61.01,Bill Tyler,21022.49
63.43,Bobby Elias,14356.7775
62.44,Bobby Odegard,7741.8575
85.21,Bobby Trafton,18872.862
110.41,Brad Eason,7703.36
133.72,Brad Norvell,8982.561
31.96,Brad Thomas,3142.9855
47.43,Bradley Drucker,5723.82
88.62,Bradley Nguyen,6970.43
94.35,Bradley Talbott,2655.24
160.65,Brenda Bowman,17806.44
104.92,Brendan Dodson,17576.67
81.12,Brendan Murry,3317.6365
139.27,Brian Derr,12976.4
35.84,Brian Moss,3679.882
219.18,Brian Stugart,19815.56
19.57,Brian Thompson,1653.25
32.07,Bruce Degenhardt,3334.868
44.87,Bruce Stewart,5811.79
42.56,Bryan Davis,2354.7
217.61,Bryan Mills,20691.289
68.68,Candace McMahon,3429.75
200.97,Cari MacIntyre,34651.786
71.91,Cari Sayre,4904.07
83.32,Cari Schnelling,7915.03
63.27,Carl Jackson,14451.4165
94.29,Carl Ludwig,14143.66
152.55,Carlos Daly,33724.7355
314.72,Carlos Meador,25423.409
341.11,Carlos Soltero,55575.088
34.05,Carol Adams,5536.83
109.77,Carol Triggs,7060.3395
115.41,Caroline Jumper,19831.0765
102.55,Cathy Armstrong,9553.7425
24.39,Cathy Hwang,4312.0335
57.98,Cathy Prescott,23090.01
16.12,Chad Cunningham,1486.1
37.93,Chad McGuire,5121.92
185.05,Chad Sievert,29585.21
73.43,Charles McCrossin,25045.42
158.7,Charles Sheldon,16978.666
50.12,Charlotte Melton,7188.12
106.8,Chris Cortes,7220.033
49.89,Chris Selesnick,9718.648
35.29,Christina DeMoss,9717.124
208.98,Christina Vanderzanden,22776.3185
9.49,Christine Kargatis,293.22
50.55,Christine Phan,7719.0125
159.4,Christine Sundaresam,17420.85
52.99,Christopher Martinez,2269.136
82.81,Christopher Schild,15970.5365
179.91,Christy Brittain,15245.544
124.11,Chuck Clark,23018.01
23.15,Chuck Magee,965.77
369.74,Chuck Sachs,25904.601
24.3,Cindy Schnelling,3647.0005
94.66,Claudia Miner,4561.826
86.12,Clay Ludtke,4428.0695
14.77,Clay Rozendal,6611.4365
135.87,Clytie Kelty,17042.73
78.51,Corey Catlett,7686.405
1.2,Corey Lock,145.48
44.43,Corey Roper,2953.606
107.87,Corinna Mitchell,14938.99
32.93,Craig Carroll,6570.21
9.32,Craig Molinari,317.5275
94.83,Craig Yedwab,12188.1575
142.29,Cynthia Arntzen,18577.19
77.55,Cynthia Delaney,14052.886
18.09,Cynthia Voltz,3480.19
120.36,Damala Kotsonis,16315.7365
92.6,Dan Campbell,3205.3065
178.09,Dan Lawera,23104.17
27.59,Dan Reichenbach,3468.73
210.88,Dana Kaydos,20459.4895
6.5,Daniel Byrd,302.05
34.64,Daniel Lacy,4127.34
47.98,Daniel Raglin,3321.86
453.66,Darren Budd,47919.3135
0.5,Darren Koutras,135.2
69.74,Darren Powers,3279.983
71.86,Darrin Martin,2074.56
102.62,Darrin Sayre,13134.93
156.22,Dave Brooks,15540.07
326.43,Dave Hallsten,23588.04
141.97,Dave Poirier,9523.681
184.79,David Flashing,9564.48
73.73,David Kendrick,5838.31
76.79,David Philippe,15976.5345
17.98,David Smith,3192.8705
71.31,David Wiener,3028.23
19.1,Dean Braden,5284.823
45.36,Dean Percer,4298.0215
124.74,Deanra Eno,9915.77
216.36,Deborah Brumfield,88996.4475
122.68,Debra Catini,4455.32
42.58,Deirdre Greer,11346.6535
39.15,Delfina Latchford,3541.758
63.2,Denise Leinenbach,15413.95
32.44,Denise Monton,3105.4975
88.88,Dennis Bolton,17099.94
342.18,Dennis Kane,75967.5905
112.38,Denny Blanton,12969.188
162.36,Denny Joy,23310.87
44.43,Dianna Arnett,14132.7895
80.36,Dianna Wilson,9611.36
181.76,Dionis Lloyd,11855.3475
68.09,Don Jones,8399.321
118.22,Don Miller,11676.57
186.15,Don Weiss,4208.048
157.1,Dorothy Badders,17521.09
0.94,Dorothy Dickinson,198.08
197.2,Dorothy Wardle,28598.5625
82.53,Dorris Love,15867.25
416.65,Doug Bickford,41159.648
79.44,Doug Jacobs,12966.237
8.32,Doug O'Connell,50.45
229.28,Duane Benoit,20368.3545
199.7,Duane Huffman,19668.1735
158.04,Ed Braxton,9162.1775
35.02,Ed Jacobs,5748.2
98.01,Ed Ludwig,18368.42
102.82,Edward Becker,18149.56
137.98,Edward Hooks,34532.76
275.16,Edward Nazzal,54511.8035
142.58,Eileen Kiefer,9751.536
124.21,Eleni McCrary,30519.14
56.07,Elizabeth Moffitt,4175.965
67.92,Ellis Ballard,24989.9065
49.86,Elpida Rittenbach,7897.428
11.87,Emily Burns,67.25
154.5,Emily Ducich,25016.55
34.14,Emily Grady,4110.393
118.91,Emily Phan,101215.658
298.46,Eric Barreto,22687.524
47.37,Eric Hoffmann,4755.436
5.92,Eric Murdock,61.098
362.4,Erica Bern,60960.5295
37.91,Erica Hackney,8266.96
115.05,Erica Hernandez,11552.286
15.87,Erica Smith,593.79
59.29,Erin Ashbrook,7588.141
239.33,Erin Creighton,35725.0895
145.9,Erin Mull,32279.0255
50.24,Erin Smith,7189.49
58,Eudokia Martin,7913.36
141.8,Eugene Barchas,22686.213
233.18,Eugene Hildebrand,21144.72
46.52,Eva Jacobs,2397.628
49.45,Evan Bailliet,3193.9425
36.97,Evan Henry,2804.7425
77.6,Evan Minnotte,18286.06
155.31,Filia McAdams,29768.4295
124.09,Frank Atkinson,16155.5745
44.95,Frank Carlisle,2810.08
33.62,Frank Hawley,7683.31
47.34,Frank Price,8811.6155
40.08,Fred Chung,4054.161
15.45,Fred Hopkins,968.869
235.6,Fred McMath,25607.338
84.67,Fred Wasserman,7487.958
33.52,Gary Hansen,2441.45
131.46,Gary Hwang,17490.124
113.22,Gary McGarr,14519.9335
16.12,Gary Mitchum,848.07
107.1,Gary Zandusky,18544.038
97.1,Gene Hale,6647.6075
115.17,Gene McClure,7686.2
180.08,George Ashbrook,11322.7605
61.89,George Bell,2952.9385
103.85,George Zrebassa,16175.24
31.33,Giulietta Baptist,6292.67
137.67,Giulietta Dortch,29958.55
188.67,Giulietta Weimer,15839.2955
9.61,Grace Kelly,1960.7155
288.24,Grant Carroll,88417.0025
120.11,Grant Donatelli,12937.05
6.05,Grant Thornton,16.6
391.57,Greg Guthrie,33090.42
24.99,Greg Hansen,12867.48
48.32,Greg Maxwell,16229.688
148.76,Greg Tran,30119.413
307.88,Guy Armstrong,18803.822
189.53,Guy Phonely,10399.8755
105.86,Guy Thornton,18690.3785
214.68,Hallie Redmond,10080.518
75.74,Harold Dahlen,6528.307
302.37,Harold Engle,52882.2825
80.69,Harold Pawlan,7881.294
105.11,Harold Ryan,35884.06
188.61,Harry Marie,15678.463
10.22,Heather Jas,714.24
113.26,Heather Kirkland,17307.548
86.76,Helen Abelman,15996.5595
79.84,Helen Andreada,8454.63
290.64,Helen Wasserman,43061.864
123.12,Henia Zydlo,12998.33
128.66,Henry Goldwyn,26629.8095
8.55,Henry MacAllister,1348.4615
128.32,Herbert Flentye,4189.175
212.93,Hilary Holden,33997.323
89.72,Hunter Glantz,6445.83
181.76,Hunter Lopez,16454.35
271.76,Ionia McGrath,24200.0775
54.95,Irene Maddox,8710.31
27.34,Ivan Gibson,706.88
288.97,Ivan Liston,30277.274
21.97,Jack Garza,1391.03
478.65,Jack Lebron,51155.799
109.87,Jack O'Briant,39398.27
156.42,James Lanier,29846.97
86.03,Jamie Frazer,3414.13
115.97,Jamie Kunitz,27842.06
33.96,Jane Waco,4598.5475
64.01,Janet Martin,28537.32
12.31,Janet Molinari,1348.64
135.71,Jas O'Carroll,18982.2285
62.19,Jason Fortune,11002.21
28.69,Jason Gross,1484.04
102.57,Jason Klamczynski,22999.439
137.13,Jasper Cacioppo,61350.09
35.16,Jay Fine,2984.72
93.04,Jay Kimmel,16429.3
98.57,Jenna Caffey,8456.7685
160.7,Jennifer Braxton,13013.1375
215.93,Jennifer Ferguson,17917.496
60.56,Jennifer Halladay,17299.48
93.65,Jennifer Patt,17281.272
40.16,Jeremy Ellison,5524.13
2.05,Jeremy Farry,85.72
42.97,Jeremy Lonsdale,11879.85
101.7,Jessica Myrick,3096.97
23.51,Jesus Ocampo,9561.57
48.79,Jill Fjeld,4032.25
146.32,Jill Stevenson,27256.4905
110.48,Jim Karlsson,15066.57
145.25,Jim Kriz,19534.1595
60.56,Jim Mitchum,7852.3585
262.91,Jim Radford,35978.139
134.81,Jim Sink,33491.987
8.37,Jocasta Rupert,136.41
38.51,Joe Elijah,4138.4285
80.3,Joe Kamberova,5761.31
26.58,Joel Jenkins,865.26
271.52,John Castell,34824.3215
17.22,John Grady,1764.71
273.34,John Lee,22803.96
280.1,John Lucas,79696.1875
54.31,John Murray,12979.1
136.06,John Stevenson,48660.873
30.27,Jonathan Howell,2835.7165
171.02,Joni Blumstein,22179.0535
20.56,Joni Sundaresam,650.77
148.77,Joni Wasserman,3457.874
72.93,Joseph Airdo,11597.233
187,Joy Bell,22948.7625
35.87,Joy Daniels,4697.7235
405.46,Joy Smith,40768.833
143.54,Julia Barnett,39863.02
100.5,Julia Dunbar,3917.188
300.78,Julia West,44021.42
30.6,Julie Creighton,4143.558
117.53,Julie Kriz,35294.48
144.41,Julie Prescott,20917.49
10.42,Justin Deggeller,1022.44
164.02,Justin Hirsh,12303.6725
285.61,Justin Knight,18807.251
77.48,Justin MacKendrick,37675.81
19.47,Kalyca Meade,1661.21
16.66,Karen Carlisle,1931.53
147.3,Karen Daniels,13235.8
134.16,Karen Ferguson,13649.0635
148.89,Karen Seio,24491.428
182.34,Karl Brown,38981.972
35.69,Katherine Ducich,3387.6785
44.94,Katherine Murray,19712.9755
200.62,Katherine Nockton,25005.516
201.23,Katrina Bavinger,22584.1505
128.12,Katrina Willman,20715.2865
57.14,Kean Nguyen,9277.925
19.99,Kean Thornton,3723.99
276.14,Keith Dawkins,16010.5035
100.85,Keith Herrera,9549.2855
126.26,Kelly Lampkin,10990.5905
38.19,Kelly Williams,7234.7615
54.99,Ken Black,2521.81
263.14,Ken Brennan,23058.26
57.22,Ken Heidel,5262.984
52.87,Ken Lonsdale,10079.322
391.15,Khloe Miller,22488.41
107.3,Kimberly Carter,14097.117
118.04,Kristen Hastings,12230.11
142.23,Kristina Nunn,14244.1795
31.21,Larry Hughes,1993.067
151.74,Laura Armstrong,12394.49
33.64,Laurel Elliston,5823.6965
220.8,Lela Donovan,38012.0305
22.64,Lena Cacioppo,2939.316
401.67,Lena Creighton,48460.135
73.6,Lena Hernandez,7008.4265
156.14,Lena Radford,5169.2175
24.71,Linda Cazamias,12119.77
122.4,Linda Southworth,26365.4425
38.69,Lindsay Castell,4907.78
94.54,Lindsay Shagiari,6084.9265
21.99,Lindsay Williams,8598.7135
383.36,Lisa DeCherney,61337.1505
91.84,Liz MacKendrick,9021.2995
158.55,Liz Price,19313.5305
13.84,Liz Thompson,506.8
206.21,Liz Willingham,33230.628
118.88,Logan Currie,8520.4
162.61,Logan Haushalter,50662.9455
25.06,Lori Olson,3194.03
2.99,Luke Foster,772.67
75.94,Luke Weiss,15534.386
107.27,Lycoris Saunders,38480.95
208.07,Magdelene Morse,30412.951
240.17,Marc Crier,34298.65
12.41,Marc Harrigan,3628.6805
311.74,Maria Bertelson,29606.0065
67.06,Maria Zettner,19097.8115
19.99,Maribeth Dona,1382.8
14.39,Maribeth Schnelling,951.33
72.32,Marina Lichtenstein,3238.911
513.9,Mark Cousins,70579.7275
50.61,Mark Haberlin,3435.316
32.82,Mark Packer,8817.9355
45.55,Mary O'Rourke,4110.91
67.99,Mary Zewe,23190.2165
186.02,Mathew Reese,25012.9705
497.68,Matt Abelman,60962.347
47.81,Matt Collins,10578.3685
94.92,Matt Collister,14022.228
119.47,Matt Connell,23881.36
22.61,Matt Hagelstein,683.9
32.87,Matthew Clasen,775.95
54.78,Maureen Fritzler,12873.3755
26.08,Maureen Gastineau,1122.67
4.9,Maureen Grace,3681.7495
18.18,Maurice Satty,555.82
63.24,Max Engle,1755.4025
175.79,Max Jones,29810.99
8.99,Maya Herman,820.5645
192.73,Meg O'Connel,30557.7815
129.84,Meg Tillman,16381.07
233.67,Melanie Page,19415.425
144.82,Michael Chen,25141.737
145.35,Michael Dominguez,18670.6405
71.09,Michael Granlund,10476.9865
53.94,Michael Kennedy,6339.3115
111.84,Michael Moore,15077.853
56.21,Michael Nguyen,17409.38
112.34,Michael Oakman,36475.07
62.58,Michael Paige,9111.51
19.56,Michael Stewart,3745.189
178.33,Michelle Arnett,11529.5835
252.7,Michelle Ellison,34308.89
88.3,Michelle Huthwaite,13895.8125
254.7,Michelle Lonsdale,34524.2525
195.56,Michelle Tran,10174.2555
323.46,Mick Crebagga,31042.314
22.17,Mick Hernandez,793.38
75.97,Mike Caudle,19580.65
89.03,Mike Gockenbach,10820.54
108.16,Mike Kennedy,16929.76
88.13,Mike Pelletier,8948.17
149.28,Mike Vittorini,20601.493
161.27,Mitch Webber,13806.53
96.3,Monica Federle,6626.16
57.31,Muhammed Lee,13325.59
174.39,Muhammed MacIntyre,8796.42
94.21,Muhammed Yedwab,15294.44
99.27,Nancy Lomonaco,20751.6195
192.19,Naresj Patel,27886.42
74.96,Nat Carroll,8415.2545
84.21,Nat Gilpin,6346.4135
3.04,Natalie DeCherney,125.9
28.56,Natalie Fritzler,3005.61
149.18,Natalie Webber,11486.6505
78.02,Nathan Cano,4284.06
98,Nathan Gelder,14532.89
273.25,Nathan Mautz,54917.7325
56.03,Neil Ducich,4263.958
98.65,Neil Knudson,8949.52
86.21,Neola Schneider,6013.87
139.73,Nick Radford,12877.18
60.24,Nicole Brennan,1993.05
3706.05,Nicole Hansen,20471.19
64.51,Noah Childs,7636.6225
163.69,Noel Staavos,55574.808
98.68,Nona Balk,5049.014
100.36,Nora Paige,8232.457
110.48,Nora Pelletier,22648.883
17.78,Nora Price,4481.64
209.67,Odella Nelson,13080.812
141.75,Olvera Toch,24633.7035
5.51,Pamela Coakley,564.7035
72.66,Pamela Stobb,13306.16
46.06,Parhena Norris,31955.079
19.99,Patricia Hirasaki,2576.17
46.45,Patrick Bzostek,17860.7165
43.08,Patrick Gardner,15785.5065
301.21,Patrick Jones,35186.024
47.19,Patrick O'Brill,8970.3945
127.24,Patrick O'Donnell,13551.11
1.52,Patrick Ryan,146.51
10.86,Paul Gonzalez,567.89
127.1,Paul Knutson,26188.5445
90.37,Paul Lucas,1740.98
146.69,Paul MacIntyre,13812.44
29.88,Paul Prost,2734.08
255.62,Pauline Chand,38343.6275
82.71,Penelope Sewall,10940.8885
87.07,Pete Armstrong,13712.1675
90.23,Pete Takahito,8694.495
9.64,Peter Buhler,1630.82
48.85,Peter McVee,2910.13
336.49,Philip Brown,64716.7965
114.18,Philip Fox,4437.3605
38.34,Philisse Overcash,8396.5
13.68,Phillip Breyer,2794.47
174.47,Phillip Flathmann,13458.44
42.86,Pierre Wener,4751.86
72.82,Quincy Jones,9130.53
28.8,Rachel Payne,1739.61
117.26,Ralph Arnett,8292.69
180.74,Ralph Kennedy,21329.728
4042.85,Ralph Knight,10174.915
23.5,Raymond Fair,5536.57
71.54,Ricardo Emerson,19562.37
127.38,Rick Bensley,18985.3495
172.79,Rick Duston,30727.311
55.49,Rick Reed,32088.42
12.22,Rick Wilson,698.535
312.3,Ritsa Hightower,54630.1045
8.94,Rob Beeghly,372.69
133.05,Rob Dowd,16448.4275
179.74,Rob Haberlin,39069.3685
84.14,Robert Barroso,18200.83
98.69,Robert Marley,5860.3745
114.26,Robert Waldorf,8972.684
171.24,Roland Black,14228.586
63.97,Rose O'Brian,8573.575
55.7,Ross Baird,5602.6345
67.13,Ross DeVincentis,25583.82
122.35,Roy French,15290.048
466.94,Roy Skaria,92542.153
101.29,Ruben Ausman,17061.5965
43.19,Russell Applegate,19886.772
12.25,Russell D'Ascenzo,461.6425
32.51,Ryan Akin,4327.8555
88.25,Ryan Crowe,8069.1415
266.69,Sally Hughsby,22820.146
414.87,Sally Knutson,38449.29
264.7,Sally Matthias,40273.752
107.48,Sam Zeldin,1290.002
128.52,Sandra Flanagan,13796.525
144.39,Sandra Glassco,25908.939
170.16,Sanjit Chand,40353.994
11.82,Sanjit Engle,1362.4
112.68,Sanjit Jacobs,15285.72
125.13,Sara Luxemburg,6936.537
22.61,Sarah Bern,629.7
5.36,Sarah Brown,1151.395
80.14,Sarah Foster,10735.5655
122.66,Sarah Jordon,8199.34
223.9,Scot Coram,16775.2625
30.35,Scot Wooten,1635.65
162.67,Scott Cohen,28842.0905
21.5,Scott Williamson,852.11
148.52,Sean Braxton,15480.41
41.23,Sean Christensen,12361.1655
200.86,Sean Miller,28271.0575
97.5,Sean O'Donnell,11506.3625
152.9,Sean Wendt,18947.68
116.88,Seth Vernon,38977.811
42.26,Shahid Collister,11728.453
78.72,Shahid Hopkins,4605.224
311.36,Shahid Shariari,29786.8295
63.11,Shaun Weien,11813.18
116.18,Sheri Gordon,22900.1275
46.56,Shirley Daniels,12897.49
27.71,Shirley Jackson,2337.37
67.9,Shirley Schmidt,7054.7155
75.34,Skye Norling,11710.83
436.13,Sonia Sunley,44248.829
36.55,Speros Goranitis,2089.55
21.46,Stefania Perrino,1010.36
101.74,Stefanie Holloman,8451.078
221.58,Stephanie Ulpright,27898.8725
56.59,Steve Carroll,7032.479
196.26,Steve Chapman,42872.99
146.49,Steve Nguyen,23642.812
48.74,Steven Cartwright,2562.728
271.88,Steven Roelle,18041.219
61.51,Steven Ward,17657.92
21.19,Stewart Carmichael,1134.88
78.09,Stewart Visinsky,8284.9355
115.42,Stuart Calhoun,18745.6415
87.5,Stuart Van,14040.89
19.84,Sue Ann Reed,932.567
92.48,Susan MacKendrick,14518.92
154.97,Susan Vittorini,19146.37
7437.09,Sylvia Foulston,88875.7575
134.2,Tamara Chand,7676.21
80.08,Tamara Dahlen,27294.229
359.51,Tanja Norvell,37446.559
11.55,Ted Butterfield,2531.272
91.12,Ted Trevino,8520.814
213.94,Thais Sissman,22249.735
4,Thea Hendricks,631.75
68.72,Thea Hudgings,6929.01
274.64,Theone Pippenger,15223.73
51.77,Theresa Coyne,8019.35
198.66,Theresa Swint,13119.31
95.01,Thomas Boland,14160.6725
93.39,Thomas Brumley,8819.5645
119.71,Thomas Seio,12864.07
3.49,Toby Braunhardt,1060.342
9.71,Toby Carlisle,2160.481
18.57,Toby Knight,3613.047
207.26,Todd Boyes,33070.6105
55,Todd Sumrall,3226.9795
12.04,Tom Prescott,217.58
89.56,Tom Stivers,12021.978
85.18,Tom Zandusky,5186.99
107.5,Tony Chapman,41020.627
107.25,Tony Molinari,10267.71
85.69,Tony Sayre,3768.89
142.4,Tracy Collins,20827.54
100.9,Tracy Poddar,9212.674
155.19,Tracy Zic,19018.65
156.04,Troy Blackwell,26184.5915
311.47,Troy Staebel,8422.81
58.74,Trudy Schmidt,5428.99
43.85,Valerie Dominguez,7052.12
56.45,Valerie Mitchum,12911.4315
44.18,Valerie Takahito,3440.116
113.29,Vicky Freymann,20949.488
47.42,Victor Price,6234.333
289.31,Victoria Wilson,42960.68
123.21,Vivek Gonzalez,7054.69
323.8,Vivek Grady,27147.0255
143.97,Vivek Sundaresam,12155.528
188.82,Vivian Mathis,29420.89
149.75,Xylona Price,18037.0855
12.61,Yana Sorensen,774.09
